{
  "ensemble_accuracy": 0.9302325581395349,
  "ensemble_auc": 0.9689157824933687,
  "individual_accuracies": [
    0.8953488372093024,
    0.939922480620155,
    0.9244186046511628
  ],
  "individual_aucs": [
    0.9096899867374004,
    0.9711124005305041,
    0.9749253978779842
  ]
}