{
  "train_loss": [
    0.7183009941469539,
    0.6833213564347137,
    0.6885245908051729,
    0.6149051546711813,
    0.6775080348280343,
    0.6480278455736962,
    0.5692487460645762,
    0.6367607165805318,
    0.5964731413193725,
    0.5671980721368031,
    0.6070041441443291,
    0.5987625282935121,
    0.5438418825241652,
    0.5110219371589747,
    0.5521614485504952,
    0.6184772150591016,
    0.5273993787440386,
    0.5770971736108715,
    0.5380518752234903,
    0.5308659132993356
  ],
  "train_acc": [
    0.5371428571428571,
    0.6542857142857142,
    0.6771428571428572,
    0.72,
    0.6685714285714286,
    0.6914285714285714,
    0.734349633868878,
    0.6816379230528257,
    0.7066607683606495,
    0.7241918956196476,
    0.6672208823454124,
    0.7012949337169511,
    0.7353180492185751,
    0.7837467329254404,
    0.7324535411560731,
    0.6907380237788465,
    0.7489669392974649,
    0.7317823007071531,
    0.754081600358996,
    0.7391182349464706
  ],
  "val_loss": [
    0.6961921453475952,
    0.7686381167487094,
    0.7099304716838034,
    0.84703147921123,
    0.8592330201676017,
    0.8850583261565158,
    0.9418968417142567,
    0.8054170592835075,
    0.8763363267246046,
    0.7699239865729683,
    0.8607758275772396,
    0.8237095671264749,
    0.9083631211205533,
    0.9066334586394461,
    0.8957692612158624,
    0.9009342609267486,
    0.8530753270575875,
    0.927724058690824,
    0.8186785088557946,
    1.2193651211104894
  ],
  "val_acc": [
    0.6,
    0.56,
    0.5066666666666667,
    0.5333333333333333,
    0.5066666666666667,
    0.5733333333333334,
    0.5866666666666667,
    0.5733333333333334,
    0.56,
    0.6266666666666667,
    0.56,
    0.56,
    0.5866666666666667,
    0.6,
    0.5733333333333334,
    0.5733333333333334,
    0.6266666666666667,
    0.56,
    0.6133333333333333,
    0.5066666666666667
  ]
}